,Name,Price_Prediction
0,Maruti Alto K10 LXI CNG,3.3695000000000004
1,Maruti Alto 800 2016-2019 LXI,2.3233999999999977
2,Toyota Innova Crysta Touring Sport 2.4 MT,17.695100000000018
3,Hyundai i20 Magna,4.511599999999998
4,Mahindra XUV500 W8 2WD,12.903399999999994
5,Toyota Fortuner 4x2 AT TRD Sportivo,23.0137
6,Hyundai EON Era Plus,3.080199999999997
7,Honda City 1.5 S MT,4.897999999999994
8,Mahindra XUV500 W6 2WD,10.024999999999991
9,Audi Q5 2008-2012 2.0 TDI,18.5909
10,Hyundai Grand i10 Magna,4.080100000000001
11,Toyota Corolla H5,2.4899999999999984
12,Maruti Swift Vdi BSIII,2.8032999999999997
13,Nissan Terrano XL,5.3453
14,BMW X1 sDrive20d,17.772600000000004
15,BMW 3 Series GT 320d Luxury Line,28.735100000000006
16,Ford Ikon 1.4 TDCi DuraTorq,1.9974999999999985
17,Maruti Swift AMT ZXI,7.944100000000001
18,Maruti Swift Dzire VXi,4.804099999999995
19,Maruti Ritz LDi,3.9954999999999985
20,Nissan Micra XV,2.6026000000000007
21,Maruti Alto 800 2016-2019 LXI,3.2307000000000015
22,Honda Civic 2010-2013 1.8 S MT Inspire,4.317999999999999
23,Ford Ikon 1.3 Flair,1.0783000000000007
24,Maruti Alto LX,1.504800000000001
25,Honda Jazz 1.5 V i DTEC,6.7970999999999995
26,Skoda Rapid 1.5 TDI AT Ambition,5.680599999999998
27,Hyundai i20 1.2 Sportz,2.9841000000000006
28,Toyota Etios Cross 1.4L VD,4.691699999999998
29,Volkswagen Polo GT TDI,4.821500000000006
30,Hyundai i10 Era 1.1 iTech SE,2.229599999999999
31,Mitsubishi Pajero 2.8 SFX,10.569300000000009
32,Maruti Swift Dzire Tour LDI,4.254999999999999
33,Maruti Swift Dzire VXI,5.030599999999996
34,Skoda Rapid 1.6 MPI AT Style,8.942700000000013
35,Hyundai Creta 1.6 SX Plus Dual Tone Petrol,11.445600000000004
36,Toyota Innova 2.5 G (Diesel) 7 Seater BS IV,5.180499999999999
37,BMW 5 Series 520d Luxury Line,16.8405
38,Maruti Baleno Alpha 1.3,7.062699999999999
39,Audi A4 2.0 TDI 177 Bhp Technology Edition,16.3067
40,Audi A4 2.0 TDI Multitronic,12.472750000000001
41,Skoda Rapid 1.6 MPI Ambition,8.639299999999997
42,Maruti Ertiga SHVS VDI,9.1653
43,Maruti Ciaz 1.4 Zeta,8.342100000000002
44,Maruti Ciaz ZXi,6.098300000000002
45,Mercedes-Benz A Class A200 CDI Sport,21.7222
46,Toyota Innova 2.5 ZX Diesel 7 Seater,12.121899999999993
47,BMW 3 Series 320d Prestige,18.148474999999987
48,Maruti Alto 800 2016-2019 LXI,3.7308000000000017
49,Ford Ecosport 1.5 DV5 MT Titanium,6.416899999999998
50,Ford Endeavour 3.0L 4X4 AT,7.778999999999999
51,Audi Q5 2.0 TDI,24.7955
52,Hyundai Verna 1.6 SX VTVT,6.042500000000002
53,Mahindra XUV500 W8 4WD,8.802999999999988
54,Maruti Vitara Brezza ZDi,8.057100000000005
55,Toyota Etios Liva 1.4 VXD,5.231600000000003
56,Tata Indigo CS LX (TDI) BS III,2.5210999999999983
57,Honda City ZX GXi,2.5159000000000007
58,Toyota Corolla Altis G,3.356400000000001
59,Hyundai Grand i10 Asta,6.681900000000005
60,Hyundai i20 Sportz 1.2,5.234300000000003
61,Volkswagen Polo 1.5 TDI Comfortline,5.403999999999996
62,Maruti Celerio X VXI Option,4.649899999999997
63,Chevrolet Sail Hatchback 1.2,4.1381
64,Mahindra Scorpio VLX Special Edition BS-IV,4.449499999999998
65,Volkswagen Ameo 1.5 TDI Comfortline,9.406500000000001
66,Maruti Wagon R LXI,1.7639999999999996
67,Honda Brio S Option MT,3.6409
68,Maruti Ertiga VXI,5.654200000000003
69,Hyundai Santro Xing GL,2.8251000000000026
70,Ford Figo Aspire 1.2 Ti-VCT Titanium,6.157099999999997
71,Tata Tiago AMT 1.2 Revotron XTA,6.5811000000000055
72,Chevrolet Beat LT,2.2227999999999994
73,Nissan Micra Diesel XV,2.6768
74,Toyota Innova 2.5 GX (Diesel) 8 Seater,9.1268
75,Hyundai Xcent 1.2 VTVT E,5.426699999999998
76,Maruti Ciaz VXi,7.265500000000007
77,BMW 5 Series 2013-2017 520d Luxury Line,24.7219
78,Toyota Camry Hybrid 2.5,28.262600000000006
79,Toyota Corolla Altis D-4D G,9.811399999999997
80,Hyundai Verna 1.6 SX CRDi (O),7.028700000000006
81,Volkswagen Vento 1.5 TDI Highline AT,6.549500000000002
82,Nissan Teana XL,20.0271
83,Hyundai i20 1.2 Sportz Option,4.707699999999997
84,Tata Manza Club Class Safire90 LX,2.205799999999998
85,Ford Figo Diesel ZXI,2.4685000000000024
86,Hyundai i20 Asta 1.2,6.584199999999993
87,Ford Fiesta Classic 1.6 SXI Duratec,2.562499999999998
88,Mercedes-Benz B Class B180 Sports,12.883000000000004
89,Hyundai i20 Magna,3.5209999999999986
90,Maruti Swift Dzire VDI,4.379600000000005
91,Hyundai Santro Xing GLS,1.8955000000000015
92,Maruti Baleno Alpha,6.176499999999999
93,Honda Accord 2.4 Elegance M/T,6.511300000000001
94,Nissan Micra XL CVT,6.603500000000001
95,Maruti Zen Estilo LXI BS IV,2.640399999999997
96,Hyundai Elantra CRDi SX,6.177000000000005
97,Tata Indica V2 DiCOR DLG BS-III,4.0652
98,Tata Nano Lx,1.4790999999999996
99,BMW 5 Series 2013-2017 520d Luxury Line,29.5935
100,Honda Amaze S i-Dtech,4.622300000000003
101,Volkswagen Polo Diesel Highline 1.2L,3.7436000000000007
102,Tata Indica Vista Quadrajet LX,2.591999999999999
103,Audi Q3 30 TDI S Edition,11.318300000000004
104,Honda City i DTEC SV,5.688999999999997
105,Honda Amaze SX i-DTEC,5.1419
106,Hyundai i20 Asta Option 1.2,6.742500000000002
107,BMW 5 Series 2013-2017 520d Luxury Line,18.350199999999997
108,Honda Brio S MT,4.109899999999997
109,Mercedes-Benz New C-Class C 250 CDI Avantgarde,39.6471
110,Volkswagen Polo 1.2 MPI Highline,4.981599999999997
111,Hyundai i10 Magna AT,3.264299999999999
112,Hyundai Verna 1.6 SX VTVT,10.704399999999998
113,Hyundai i20 1.2 Magna Executive,7.303799999999992
114,BMW 5 Series 525d Sedan,24.346899999999984
115,Maruti Swift Dzire Vdi BSIV,4.9507
116,Honda BRV i-DTEC V MT,8.250699999999998
117,Maruti Ertiga VXI,8.720399999999996
118,Maruti Swift Dzire VDI Optional,6.216000000000001
119,BMW X3 xDrive20d,22.402699999999992
120,Chevrolet Beat Diesel LS,2.4222999999999995
121,Audi Q3 30 TDI Premium FWD,19.179800000000004
122,Mercedes-Benz GL-Class 2007 2012 350 CDI Luxury,47.18500000000001
123,BMW 3 Series GT 320d Sport Line,28.563700000000004
124,Hyundai Grand i10 Asta Option,5.556499999999999
125,Hyundai Grand i10 Asta,4.564
126,Toyota Etios Liva VD,6.079599999999999
127,Datsun GO T Petrol,3.260100000000001
128,Maruti Ignis 1.2 Alpha,5.71353333333333
129,Maruti A-Star Zxi,1.8652000000000002
130,Honda Civic 2010-2013 1.8 V AT Sunroof,4.4628999999999985
131,Maruti Alto 800 LXI,3.201200000000002
132,Jaguar XE 2.0L Diesel Prestige,41.41279999999997
133,Hyundai i20 1.4 CRDi Sportz,3.8605000000000014
134,Ford EcoSport 1.0 Ecoboost Titanium Plus,5.723200000000003
135,Mahindra KUV 100 mFALCON G80 K4 5str,4.8049
136,Maruti Vitara Brezza VDi Option,9.470991666666665
137,Ford Figo Diesel ZXI,2.481
138,Volkswagen Vento Diesel Highline,3.7059999999999986
139,Fiat Avventura FIRE Dynamic,6.077699999999997
140,Honda Civic 2006-2010 1.8 V MT,2.8768000000000002
141,Honda CR-V Diesel,11.70335
142,Maruti Wagon R LXI,2.8345000000000002
143,Hyundai i10 Magna,2.0744999999999982
144,Volkswagen Ameo 1.5 TDI Highline AT,10.176100000000002
145,Volkswagen Vento Diesel Highline,3.884499999999997
146,Hyundai Accent CRDi,0.9505999999999992
147,Ford Ecosport 1.5 DV5 MT Titanium Optional,6.515600000000004
148,Jaguar XF 2.2 Litre Luxury,30.635299999999997
149,Maruti Baleno Alpha 1.2,6.268700000000001
150,Hyundai Grand i10 CRDi Magna,3.8590000000000013
151,Hyundai EON Era,2.241700000000001
152,Mercedes-Benz E-Class 2015-2017 E250 Edition E,32.57740000000002
153,Mercedes-Benz M-Class ML 350 4Matic,24.061899999999994
154,Ford EcoSport 1.5 Diesel Titanium,6.26
155,Maruti Celerio VXI AT,4.391449999999999
156,Maruti Vitara Brezza VDi Option,8.139300000000002
157,Mahindra Xylo E9,7.7520999999999995
158,Hyundai Creta 1.6 SX Automatic,12.6025
159,Honda Mobilio V i VTEC,6.2332999999999945
160,Mercedes-Benz GL-Class 350 CDI Blue Efficiency,48.6306
161,Hyundai i20 Magna,2.100800000000002
162,Mercedes-Benz S Class 2005 2013 S 350 L,11.530700000000003
163,Volkswagen Vento 1.5 TDI Highline,7.178100000000001
164,Mercedes-Benz E-Class E250 CDI Avantgrade,26.78960000000002
165,Toyota Etios V,3.6244000000000005
166,Tata Indica Vista Aqua TDI BSIII,2.0833999999999997
167,Volkswagen Passat 1.8 TSI MT,4.8381
168,Maruti Alto LXi,2.4068999999999976
169,Skoda Laura 1.9 TDI MT Elegance,3.2796000000000003
170,Maruti Wagon R LX,1.1741
171,Nissan Sunny 2011-2014 Diesel XV,4.1766000000000005
172,Honda Brio VX,4.468799999999996
173,Hyundai i10 Sportz,4.284900000000002
174,Mercedes-Benz M-Class ML 250 CDI,34.9948
175,Volkswagen Vento Petrol Comfortline,4.1983999999999995
176,Honda Mobilio S i DTEC,5.8134999999999994
177,Maruti Alto LXI,3.661100000000003
178,Mercedes-Benz E-Class E250 CDI Avantgrade,23.5843
179,Honda City ZX VTEC Plus,2.7194
180,Audi A8 L 3.0 TDI quattro,34.4118
181,Hyundai Santro Xing GL,1.589600000000001
182,Maruti Swift Dzire VDi,3.2144999999999992
183,Hyundai Verna CRDi ABS,2.6455
184,Audi Q5 2008-2012 2.0 TDI,18.9174
185,BMW X1 sDrive20d,25.78623571428571
186,Tata Nano XT,1.8663000000000003
187,BMW 7 Series 730Ld DPE Signature,62.7692
188,Honda Brio 1.2 S MT,2.8198000000000003
189,Maruti Alto 800 2016-2019 LXI,3.4905000000000013
190,Hyundai i20 1.2 Sportz,3.2447000000000044
191,Renault Duster 110PS Diesel RxZ,5.710000000000003
192,Maruti Swift Dzire VDI,4.560499999999998
193,Maruti Dzire ZDI,4.6457
194,Honda City i VTEC V,9.417000000000003
195,Jaguar XF Diesel,38.73199999999999
196,BMW 3 Series 320d Luxury Line,24.2675
197,BMW 3 Series Luxury Line,35.67430000000004
198,Chevrolet Beat Diesel LS,3.1869999999999994
199,Mercedes-Benz New C-Class C 220d Avantgarde Edition C,39.575699999999934
200,Maruti Omni E 8 Str STD,1.1872666666666662
201,Nissan Micra Diesel XV,3.6710000000000003
202,Volkswagen Vento Petrol Highline,4.182900000000001
203,Audi A6 2011-2015 2.0 TDI Premium Plus,18.162599999999987
204,Fiat Linea Dynamic,1.6137999999999983
205,Hyundai Verna 1.6 SX,6.925400000000007
206,Hyundai i20 Active 1.2 S,6.755700000000001
207,Honda Brio V MT,3.3718000000000012
208,Honda Mobilio RS Option i DTEC,6.1108
209,Mitsubishi Pajero Sport 4X4,12.914399999999995
210,Hyundai i10 Magna,3.9934000000000043
211,Tata Manza Club Class Quadrajet90 LS,4.756899999999999
212,Renault Duster Adventure Edition,5.961899999999999
213,Hyundai Verna CRDi 1.6 AT SX Plus,6.292000000000001
214,Maruti Ritz VDi,2.788299999999999
215,Toyota Innova 2.5 V Diesel 8-seater,9.9313
216,Tata Sumo EX 10/7 Str BSII,6.6248000000000005
217,Audi Q3 35 TDI Quattro Premium Plus,22.54939999999999
218,Fiat Grande Punto 1.2 Emotion,2.2202
219,Hyundai Elantra SX,7.041700000000003
220,Volkswagen Polo Diesel Trendline 1.2L,2.823599999999999
221,Toyota Etios Cross 1.2L G,4.704000000000001
222,Hyundai Grand i10 Asta Option,5.845699999999995
223,Mahindra Scorpio S4 7 Seater,9.667200000000001
224,Maruti Ciaz VXi Plus,7.286100000000009
225,Ford Figo Petrol Titanium,3.251500000000001
226,Mini Cooper S,25.5414
227,Hyundai Creta 1.6 CRDi SX,11.1944
228,Mahindra XUV500 W8 2WD,9.067100000000009
229,Mahindra XUV500 W8 2WD,8.475700000000005
230,Mahindra Thar CRDe AC,10.023900000000003
231,Maruti Swift Dzire VDi,2.985
232,Hyundai i10 Sportz 1.1L,2.4045999999999985
233,Maruti Ciaz VXi,7.9331000000000085
234,Maruti Wagon R LXI DUO BSIII,1.574
235,Maruti Baleno Delta CVT,7.504900000000004
236,Maruti Alto LX BSIII,1.4776000000000002
237,Hyundai Xcent 1.2 Kappa S Option,5.153199999999999
238,Toyota Corolla Altis Diesel D4DG,3.1532000000000004
239,Volkswagen Polo Petrol Highline 1.2L,7.070799999999988
240,Hyundai i10 Era,1.7870000000000004
241,Hyundai Grand i10 1.2 Kappa Sportz,3.8451
242,Hyundai Verna 1.6 SX VTVT (O) AT,6.687200000000008
243,Ford Fiesta 1.4 SXi TDCi ABS,3.482100000000002
244,Tata Xenon XT EX 4X2,7.954699999999999
245,Maruti Alto K10 2010-2014 VXI,2.5651999999999977
246,Audi A6 2011-2015 35 TDI Premium,25.97619999999998
247,Renault Duster 85PS Diesel RxL Optional,5.930400000000002
248,Mahindra Thar 4X4,6.870599999999996
249,Toyota Innova 2.5 GX (Diesel) 7 Seater,11.040499999999998
250,Maruti Swift Dzire VXi,2.7033999999999976
251,Chevrolet Aveo 1.6 LT,2.1075000000000013
252,Jaguar XE Portfolio,50.58679999999998
253,Maruti Alto LXi,2.5084999999999984
254,Chevrolet Aveo U-VA 1.2 LS,1.3508000000000002
255,Volkswagen Vento 1.5 TDI Highline,4.032599999999998
256,Maruti Swift VDI BSIV,4.687999999999999
257,Toyota Innova 2.5 V Diesel 8-seater,6.100000000000002
258,Mercedes-Benz E-Class 2009-2013 E250 CDI Avantgarde,24.298099999999994
259,Hyundai Accent GLE 1,2.069699999999999
260,Audi A4 New 2.0 TDI Multitronic,11.526836904761906
261,Chevrolet Tavera LS B3 10 Seats BSIII,3.317499999999999
262,Mahindra Xylo E8 ABS BS IV,5.724600000000001
263,Hyundai i20 Active SX Diesel,6.165200000000001
264,Honda Civic 2006-2010 1.8 V MT,3.2028999999999983
265,Ford EcoSport 1.5 Diesel Titanium,8.868900000000005
266,Mercedes-Benz New C-Class 220 CDI AT,16.9693
267,Skoda Superb Elegance 1.8 TSI AT,11.855300000000005
268,Skoda Rapid 1.5 TDI Elegance,5.796100000000001
269,Mercedes-Benz E-Class 2009-2013 E200 CGI Blue Efficiency,12.0339
270,Maruti 800 AC,0.8497
271,Maruti Swift LDI,3.9632999999999976
272,Honda BR-V i-DTEC S MT,9.189999999999992
273,Audi A6 2011-2015 2.0 TDI Technology,22.454700000000003
274,Toyota Fortuner 3.0 Diesel,19.53005
275,Toyota Camry MT with Moonroof,5.0520999999999985
276,Maruti Ignis 1.2 Delta,6.249100000000007
277,Hyundai Verna 1.6 VTVT S,8.543999999999997
278,Honda City V MT,4.957399999999995
279,Honda City 1.5 E MT,2.9107
280,Mahindra Verito 1.5 D4 BSIV,2.8019000000000007
281,Mercedes-Benz GL-Class 350 CDI Blue Efficiency,48.345600000000005
282,Hyundai EON D Lite Plus,3.269799999999999
283,Toyota Innova 2.5 G (Diesel) 8 Seater,5.658499999999999
284,Maruti Ertiga VDI,6.666500000000003
285,Audi Q7 3.0 TDI Quattro Premium Plus,40.98050000000002
286,Honda City 1.5 E MT,5.073899999999998
287,Maruti Alto K10 LXI,3.840499999999999
288,Tata Indica V2 eLX,2.3724999999999974
289,BMW 5 Series 2013-2017 520d Luxury Line,26.012099999999997
290,Mercedes-Benz New C-Class C 220 CDI Avantgarde,39.93309999999996
291,Chevrolet Beat LT,1.9833999999999994
292,Maruti Zen Estilo LXI BS IV,2.037699999999999
293,Mahindra XUV500 W8 4WD,14.681400000000007
294,Honda City 1.5 V MT,4.005299999999998
295,Toyota Innova 2.5 VX (Diesel) 7 Seater,9.971099999999993
296,Hyundai i20 1.2 Magna,3.2777000000000016
297,Maruti Alto K10 2010-2014 VXI,2.814000000000001
298,Toyota Innova 2.5 G (Diesel) 8 Seater,13.419900000000002
299,Nissan Micra Diesel XV,3.500999999999999
300,Hyundai Creta 1.6 CRDi SX,8.182849999999997
301,Toyota Innova 2.5 G (Diesel) 8 Seater,13.42080000000001
302,Mercedes-Benz E-Class 2009-2013 E250 CDI Blue Efficiency,15.441400000000002
303,Hyundai i20 Asta 1.2,4.909900000000005
304,Honda Accord VTi-L (AT),3.788599999999998
305,Toyota Innova Crysta 2.4 ZX MT,17.150599999999994
306,Hyundai i20 Asta Option 1.4 CRDi,6.778799999999992
307,Mahindra Verito Vibe 1.5 dCi D6,3.009199999999999
308,Maruti Eeco 5 Seater AC,3.5793
309,Toyota Corolla Altis 1.8 G,5.691600000000006
310,Toyota Corolla Altis VL AT,11.3052
311,Mercedes-Benz A Class A180 Sport,8.324700000000002
312,Hyundai i20 Asta 1.4 CRDi,7.212000000000005
313,Honda Accord 2.4 M/T,7.219300000000003
314,Honda Accord 2.4 AT,5.761600000000003
315,Mahindra Bolero SLE BSIII,4.692100000000004
316,Maruti Ritz LDi,3.314599999999999
317,Skoda Superb Elegance 1.8 TSI AT,11.397000000000006
318,Honda Amaze S i-Vtech,3.971599999999997
319,Volkswagen Vento Petrol Highline,4.4787
320,Maruti Ritz LDi,3.934499999999998
321,Honda City 1.5 S MT,4.154299999999996
322,Volkswagen Jetta 2007-2011 1.6 Trendline,1.9120999999999984
323,Ford Figo Petrol ZXI,2.336400000000001
324,Toyota Innova 2.5 G (Diesel) 7 Seater,12.78199999999999
325,Hyundai Elite i20 Asta Option,5.114900000000002
326,Mahindra KUV 100 mFALCON D75 K2,5.7262
327,Bentley Flying Spur W12,61.167199999999994
328,Honda City 1.5 V MT,2.9270999999999985
329,Hyundai i20 Magna,2.8714000000000026
330,Honda City 1.5 V MT,4.4323
331,Toyota Fortuner 2.8 2WD MT,13.141999999999996
332,Tata Indica V2 DLS BSIII,3.6389000000000014
333,Honda Amaze S i-Vtech,4.038100000000001
334,Volkswagen Polo Diesel Highline 1.2L,3.7671000000000006
335,Nissan Micra Active XV,4.154399999999999
336,Hyundai Grand i10 Sportz,5.223200000000002
337,Tata Tigor 1.2 Revotron XZ Option,5.823299999999998
338,Honda Accord 2001-2003 2.3 VTI L MT,3.7539
339,Mahindra Xylo E4,3.3404000000000025
340,Land Rover Freelander 2 S Business Edition,21.401000000000003
341,Toyota Innova 2.5 VX (Diesel) 7 Seater,10.632842857142851
342,Tata Indigo eCS eLX BS IV,3.2610000000000015
343,Maruti Vitara Brezza VDi Option,7.8901999999999965
344,Honda City 1.5 V MT,4.645399999999999
345,Fiat Linea Emotion (Diesel),3.056833333333334
346,Tata Tiago 1.2 Revotron XZ,4.7737000000000025
347,Volkswagen Polo Diesel Comfortline 1.2L,3.908
348,Maruti Wagon R VXI BS IV,3.4591999999999983
349,Hyundai Creta 1.6 CRDi AT SX Plus,13.026000000000009
350,Audi A4 35 TDI Technology,26.182900000000004
351,BMW X1 xDrive 20d xLine,36.2349
352,Ford Endeavour 3.0L AT 4x2,7.926799999999999
353,Hyundai i10 Magna AT,3.258399999999999
354,Maruti Vitara Brezza LDi,7.621299999999994
355,Honda City 1.5 V MT,8.034199999999997
356,Mercedes-Benz New C-Class 200 K AT,8.370900000000002
357,Volvo XC90 2007-2015 D5 AWD,26.335600000000003
358,Toyota Fortuner 3.0 Diesel,10.786400000000008
359,Hyundai Santro Xing GLS CNG,2.5568
360,BMW X6 xDrive30d,34.7926
361,Tata Indigo CS eVX,2.291499999999999
362,Audi Q5 30 TDI quattro Premium Plus,37.556099999999965
363,Hyundai i10 Sportz 1.2,2.4205
364,Maruti Baleno Delta 1.2,7.135900000000003
365,Maruti Swift VDI,4.544800000000003
366,Maruti Eeco 5 Seater AC,3.4486000000000003
367,Toyota Land Cruiser Prado VX L,16.2248
368,Hyundai Tucson 2.0 e-VGT 4WD AT GLS,33.06379999999999
369,Maruti Baleno Delta,6.560599999999997
370,Hyundai i10 Sportz 1.2,2.9816999999999974
371,Audi A4 2.0 TDI,16.384483333333336
372,Maruti Dzire AMT ZXI Plus,7.815600000000002
373,Toyota Innova 2.5 GX 8 STR,7.169699999999998
374,Maruti Swift Dzire Tour LDI,4.287700000000002
375,Maruti Swift LDI,3.768200000000002
376,Maruti Wagon R VXI AMT Opt,4.276756666666667
377,Hyundai Creta 1.6 SX Plus Dual Tone Petrol,12.080199999999985
378,Skoda Laura L and K MT,6.4838
379,Maruti Swift LXI Option,5.8019
380,Maruti Omni MPI CARGO BSIV,1.8870999999999993
381,Maruti Swift VDI,5.662300000000003
382,Honda Amaze S AT i-Vtech,4.219400000000002
383,Toyota Corolla H2,2.0475999999999983
384,Maruti Swift Dzire Vdi BSIV,5.727100000000002
385,Audi A6 2011-2015 2.0 TDI Premium Plus,18.677500000000006
386,Chevrolet Spark 1.0 LT,1.2370999999999985
387,Hyundai Verna CRDi ABS,2.3720000000000008
388,Maruti Ertiga VXI,5.719000000000003
389,Audi Q3 2012-2015 2.0 TDI Quattro Premium Plus,16.518900000000002
390,Chevrolet Cruze LTZ AT,16.505799999999994
391,Volkswagen Vento Petrol Highline,3.1263999999999985
392,Hyundai Xcent 1.2 Kappa AT SX Option,6.1447
393,Hyundai i10 Sportz 1.2,2.464599999999999
394,Nissan Terrano XV D Pre,7.372499999999998
395,Mahindra Thar CRDe AC,9.722600000000002
396,Ford Ecosport 1.5 DV5 MT Ambiente,8.079499999999998
397,Honda BRV i-DTEC V MT,9.460099999999994
398,Land Rover Range Rover HSE,32.397
399,Toyota Etios G,2.8337000000000008
400,Volkswagen Polo ALLSTAR 1.2 MPI,6.5696999999999965
401,Toyota Innova 2.5 VX (Diesel) 7 Seater BS IV,12.843399999999992
402,Chevrolet Cruze LTZ AT,10.297600000000003
403,Hyundai Verna CRDi 1.6 SX Option,12.062600000000002
404,Honda Amaze S i-Dtech,4.964799999999998
405,Land Rover Discovery 4 SDV6 SE,32.8926
406,Honda City i DTec VX Option BL,10.465799999999996
407,Maruti Swift Dzire VDI,5.2876
408,Nissan Micra XV CVT,6.234399999999999
409,Hyundai i10 Sportz 1.2,2.9653000000000014
410,Maruti Swift Dzire VDI,4.568000000000002
411,Maruti Alto LXI,0.9832000000000002
412,Maruti Vitara Brezza ZDi Plus Dual Tone,10.672999999999993
413,Honda Accord 2.4 A/T,6.440400000000002
414,Chevrolet Beat LT,1.9358999999999984
415,Mercedes-Benz GLC 220d 4MATIC Sport,40.66760000000001
416,Mahindra Xylo D4 BSIV,5.743799999999997
417,Datsun GO Plus T Petrol,3.346399999999999
418,Jaguar XF 2.2 Litre Luxury,29.285599999999985
419,Maruti SX4 VDI,3.6099999999999977
420,Maruti Celerio VXI,4.911499999999992
421,Volkswagen Vento 1.5 TDI Comfortline AT,6.971700000000001
422,Ford EcoSport 1.5 TDCi Titanium,7.381800000000002
423,Maruti Ertiga VDI,7.790699999999998
424,Honda Brio VX AT,4.242500000000003
425,Mitsubishi Pajero Sport 4X2 AT,28.421399999999984
426,Mercedes-Benz E-Class 2009-2013 E250 CDI Blue Efficiency,14.570500000000004
427,Maruti Swift VDI Optional,5.5832999999999995
428,Hyundai Accent GLE,2.0618
429,Audi A4 2.0 TDI,15.2072
430,Honda City 1.5 S MT,3.4025999999999987
431,BMW 3 Series 320d Sport,25.91909999999998
432,Renault KWID Climber 1.0 AMT,4.468899999999999
433,Mahindra Bolero VLX CRDe,5.078500000000004
434,Hyundai Creta 1.6 SX Diesel,12.853500000000007
435,Tata Nano XT,2.525999999999999
436,Volkswagen Polo 1.2 MPI Highline,5.716966666666666
437,Volkswagen Passat Diesel Highline 2.0 TDI,11.605700000000002
438,Isuzu MU 7 4x2 HIPACK,16.197999999999993
439,Mercedes-Benz E-Class 2015-2017 E250 CDI Avantgarde,36.9542
440,Mahindra XUV500 W8 2WD,8.8326
441,Mercedes-Benz E-Class 2015-2017 E250 CDI Avantgarde,13.556199999999999
442,Mahindra XUV500 W8 2WD,7.783799999999996
443,Nissan Sunny 2011-2014 XL,3.710999999999998
444,Hyundai Elantra GT,2.704999999999998
445,Honda Accord VTi-L AT,4.068999999999999
446,Honda City i DTEC SV,6.365800000000002
447,Toyota Fortuner 4x4 MT,11.976000000000006
448,Nissan Micra XV CVT,4.570000000000001
449,Mahindra XUV500 W6 2WD,9.97719999999999
450,Mini Cooper 3 DOOR D,23.6982
451,Maruti Swift VDI BSIV,5.593700000000008
452,Chevrolet Beat LS,2.1997999999999998
453,Maruti Baleno Alpha 1.2,5.719499999999999
454,Mercedes-Benz B Class B180 Sport,8.9285
455,Audi Q5 2008-2012 2.0 TFSI Quattro,10.162399999999996
456,Skoda Laura 1.9 TDI AT Ambiente,5.535099999999999
457,Hyundai Creta 1.6 CRDi SX Option,12.4417
458,BMW 7 Series 730Ld,38.95039999999999
459,Mercedes-Benz M-Class ML 350 4Matic,36.23499999999997
460,Ford Figo Diesel ZXI,3.9510000000000014
461,Skoda Laura Ambiente 2.0 TDI CR AT,7.6657
462,Hyundai i20 1.4 CRDi Magna,3.5390999999999995
463,Toyota Innova 2.5 G (Diesel) 7 Seater,12.6805
464,Maruti A-Star AT Vxi Aktiv,2.6112999999999995
465,Hyundai Verna 1.6 VTVT,4.229599999999995
466,Honda City 1.5 E MT,2.843
467,BMW 3 Series 320d,20.70915
468,Maruti Zen Estilo VXI BSIII,1.4945000000000004
469,Skoda Superb Elegance 1.8 TSI AT,4.6889999999999965
470,Audi Q3 2012-2015 35 TDI Quattro Premium,25.651849999999996
471,Hyundai EON D Lite Plus,3.4755999999999956
472,Honda Brio E MT,3.440299999999997
473,Volkswagen Vento Diesel Highline,4.390399999999999
474,Hyundai Accent GLE,2.017500000000001
475,Mahindra Bolero SLX,5.7113
476,Maruti Celerio ZDi,3.157675000000001
477,Hyundai Grand i10 CRDi Magna,3.9785000000000026
478,Hyundai Getz GVS,1.2321
479,Toyota Innova 2.5 G (Diesel) 7 Seater,12.568400000000002
480,Hyundai Xcent 1.2 CRDi SX,4.669700000000002
481,Audi A6 2011-2015 2.0 TDI Premium Plus,18.677500000000006
482,Ford EcoSport 1.5 Ti VCT AT Titanium,7.000200000000002
483,BMW 5 Series 530i Sport Line,21.44969999999999
484,Honda City ZX GXi,2.4429000000000003
485,Maruti Wagon R VXI 1.2,6.627191666666671
486,Maruti Swift Dzire VDi,3.224600000000003
487,Volkswagen Polo Petrol Highline 1.2L,2.9886000000000026
488,Maruti Ritz LDi,3.635299999999997
489,Chevrolet Optra Magnum 2.0 LT,5.608600000000003
490,Renault KWID RXL,3.3029000000000006
491,Volkswagen Jetta 2013-2015 2.0L TDI Highline,6.629699999999993
492,Ford Figo Diesel Titanium,2.345999999999999
493,Maruti Swift Dzire VXi,3.1562999999999994
494,Mercedes-Benz E-Class 2015-2017 E250 CDI Avantgarde,30.511699999999987
495,Chevrolet Spark 1.0 LS,1.2865
496,Hyundai Grand i10 Sportz,5.297999999999994
497,Honda Jazz VX CVT,8.665999999999995
498,Honda City 1.5 S MT,3.7658000000000014
499,Toyota Innova 2.5 G (Diesel) 7 Seater BS IV,12.408800000000001
500,Chevrolet Cruze LTZ,4.6500999999999975
501,Skoda Rapid 1.6 MPI AT Style Plus,9.700500000000005
502,Maruti Ritz VDi,2.7334000000000014
503,Maruti Ritz ZXi,4.892500000000001
504,Honda City 1.5 S AT,3.760800000000001
505,Maruti Celerio VXI,3.6817000000000006
506,Maruti Alto K10 LXI CNG,3.4909999999999997
507,Tata Indica Vista Aqua 1.2 Safire,1.7082000000000002
508,Honda City i VTEC V,4.016000000000002
509,Skoda Rapid Ultima 1.6 TDI Ambition Plus,6.033200000000002
510,Maruti SX4 ZXI AT,2.573399999999999
511,Maruti Alto 800 LXI,3.0328000000000026
512,Mahindra Scorpio SLX 2.6 Turbo 8 Str,3.9327000000000005
513,Maruti Baleno Zeta 1.2,6.425799999999998
514,BMW X3 2.5si,12.308700000000002
515,Maruti Ritz VDi,4.316300000000001
516,Hyundai EON 1.0 Kappa Magna Plus,3.4787999999999992
517,Chevrolet Enjoy 1.3 TCDi LTZ 7,4.438400000000004
518,Volkswagen Polo Diesel Comfortline 1.2L,2.8904999999999985
519,Hyundai Verna 1.6 CRDi EX AT,6.218233333333333
520,Honda BRV i-VTEC V CVT,10.610700000000008
521,Hyundai i10 Magna 1.2,2.860400000000002
522,Maruti Wagon R VXI BS IV,3.3868000000000014
523,Toyota Innova 2.5 G4 Diesel 8-seater,6.3900000000000015
524,Toyota Innova 2.5 V Diesel 8-seater,10.325600000000003
525,Hyundai Verna 1.4 CX,5.047200000000003
526,Hyundai i20 Sportz AT 1.4,4.053199999999998
527,Volkswagen Polo 1.2 MPI Highline,6.199200000000001
528,Hyundai Verna 1.6 EX VTVT,5.1068999999999996
529,Hyundai i20 Magna Optional 1.2,3.8457999999999997
530,Hyundai Elantra CRDi SX,7.028599999999998
531,Ford EcoSport 1.5 TDCi Titanium,6.412800000000004
532,Toyota Innova 2.5 VX (Diesel) 8 Seater,9.005699999999997
533,Audi Q3 35 TDI Quattro Premium Plus,24.06283333333334
534,Skoda Rapid 1.6 MPI AT Style,7.124300000000005
535,BMW X6 xDrive30d,22.782800000000016
536,Mahindra KUV 100 D75 K8 5Str,5.6364
537,Nissan Micra Diesel XV,3.1531000000000002
538,Honda City i VTEC CVT VX,11.551500000000017
539,Maruti Alto K10 VXI,3.1375000000000033
540,Maruti Wagon R VXI Minor,1.825
541,Mahindra TUV 300 2015-2019 T8,8.185700000000004
542,Hyundai EON Era Plus,2.406399999999997
543,Tata New Safari DICOR 2.2 EX 4x2,8.248799999999996
544,Audi A6 2011-2015 2.0 TDI,18.777999999999995
545,Nissan Sunny Diesel XV,6.063000000000003
546,Toyota Innova 2.5 G4 Diesel 7-seater,6.496200000000001
547,Honda City 1.5 E MT,2.843
548,Maruti Swift VDI BSIV,4.858800000000002
549,Renault Duster 110PS Diesel RxL,6.893875000000003
550,Maruti Dzire VXI,2.3626000000000005
551,Jeep Compass 2.0 Limited Option 4X4,22.878400000000006
552,Nissan Terrano XV D Pre,6.9797999999999965
553,Maruti Wagon R LXI,3.535999999999997
554,Ford Ecosport 1.5 DV5 MT Titanium,6.165899999999998
555,Honda Brio E MT,3.1828999999999983
556,Skoda Superb L&K 2.0 TDI AT,29.310299999999994
557,Mahindra Xylo E8,5.697799999999996
558,Hyundai EON 1.0 Era Plus,3.928400000000001
559,Volkswagen Polo Diesel Highline 1.2L,2.9692999999999974
560,Hyundai Elantra 2.0 SX Option AT,21.820700000000006
561,Toyota Innova 2.0 V,9.263
562,Mahindra Xylo H9,7.512599999999997
563,Hyundai i20 1.2 Magna Executive,6.320899999999999
564,Renault Duster Adventure Edition,6.557599999999999
565,Hyundai Verna VTVT 1.6 SX,6.862300000000005
566,Hyundai Verna 1.6 CRDI,5.600400000000002
567,Maruti Alto 800 2016-2019 LXI,3.0352000000000006
568,Nissan Sunny 2011-2014 Diesel XL,4.060900000000001
569,Maruti Swift Dzire Vdi BSIV,5.2905
570,Chevrolet Sail Hatchback LS ABS,3.5647
571,Maruti Wagon R LXI,2.9158
572,Toyota Corolla Altis VL AT,22.499100000000013
573,Toyota Etios G,4.108599999999999
574,Mercedes-Benz New C-Class 220 CDI AT,14.604800000000001
575,Hyundai Santro Xing GL Plus,2.250800000000001
576,Volkswagen Vento Diesel Highline,3.9472999999999985
577,Nissan Sunny 2011-2014 XL AT Special Edition,4.601900000000001
578,Honda Brio 1.2 VX MT,2.8967999999999994
579,Honda CR-V 2.4 4WD AT,3.2036000000000007
580,Honda City 1.5 S AT,4.8044
581,Mercedes-Benz New C-Class C 220 CDI Celebration Edition,24.011425
582,Ford Ecosport 1.0 Ecoboost Titanium,9.7308
583,Mercedes-Benz GLE 250d,40.765100000000004
584,BMW 5 Series 2013-2017 520d Luxury Line,28.22099999999999
585,Mercedes-Benz GL-Class 350 CDI Blue Efficiency,35.8027
586,Toyota Fortuner 4x4 MT TRD Sportivo,14.500400000000006
587,Mercedes-Benz CLA 200 D Sport Edition,23.809199999999997
588,Skoda Rapid 1.5 TDI AT Ambition,9.2733
589,Honda Amaze S i-Dtech,3.497299999999999
590,Toyota Corolla Altis G,4.586300000000002
591,Hyundai Grand i10 Asta,5.5358999999999945
592,Honda Jazz 1.2 V CVT i VTEC,6.138000000000001
593,Hyundai Verna 1.6 SX,5.0233000000000025
594,Toyota Fortuner 4x2 AT,17.392825000000002
595,Mercedes-Benz E-Class 2009-2013 E350 CDI Avantgarde,35.09510000000001
596,Volkswagen Polo 1.5 TDI Highline,5.306500000000007
597,Maruti Wagon R LXI BS IV,2.1864999999999988
598,Honda Amaze SX i-DTEC,5.448100000000006
599,Toyota Innova Crysta 2.8 ZX AT,20.439100000000014
600,Mercedes-Benz New C-Class C 220 CDI Avantgarde,35.8474
601,Mercedes-Benz New C-Class C 220d Avantgarde Edition C,41.11209999999992
602,Maruti Ritz VDi ABS,3.230899999999999
603,Honda Jazz 1.2 VX i VTEC,6.187399999999991
604,Honda Brio S MT,3.9824000000000006
605,Hyundai Creta 1.4 CRDi S Plus,6.468600000000001
606,Hyundai Getz GLE,2.2761999999999993
607,Chevrolet Beat Diesel LS,2.6346000000000025
608,Audi A6 2011-2015 2.0 TDI Premium Plus,24.095300000000012
609,Hyundai Xcent 1.2 Kappa SX Option,3.9264999999999954
610,Maruti Swift Dzire VDi,3.1967000000000017
611,Mitsubishi Pajero Sport 4X2 AT,19.257999999999996
612,Toyota Fortuner 4x2 AT,16.3446
613,Volvo S60 D5 Kinetic,13.413999999999994
614,Hyundai Creta 1.6 CRDi SX,12.405400000000007
615,Mercedes-Benz E-Class 2009-2013 E250 CDI Avantgarde,20.79200000000001
616,Honda Mobilio V i DTEC,6.445099999999999
617,Renault Captur 1.5 Diesel RXL,11.785299999999998
618,Hyundai EON Sportz,3.2620999999999998
619,Volvo XC90 2007-2015 D5 AWD,22.2181
620,Maruti A-Star AT VXI,2.6330999999999976
621,Mercedes-Benz E-Class 2009-2013 E250 CDI Blue Efficiency,23.7052
622,Hyundai Grand i10 Sportz,4.848500000000001
623,Audi A3 35 TDI Attraction,14.9326
624,BMW 5 Series 2013-2017 530d M Sport,44.652699999999996
625,Mahindra XUV500 W6 2WD,11.622
626,Ford Ecosport 1.0 Ecoboost Titanium,6.816100000000001
627,Chevrolet Enjoy TCDi LS 7 Seater,4.622999999999999
628,Mahindra Scorpio S10 8 Seater,9.182600000000003
629,Hyundai i20 2015-2017 1.2 Magna,4.132799999999999
630,Renault Pulse RxZ,3.3782000000000014
631,Maruti Swift Dzire ZDI,4.317300000000002
632,Hyundai EON Magna Plus,2.277300000000002
633,Nissan Micra XL,2.4834500000000004
634,Skoda Superb L&K 2.0 TDI AT,29.358299999999996
635,Maruti Swift VXI,4.207566666666661
636,Skoda Rapid 1.6 TDI Ambition,4.254700000000002
637,Hyundai i10 Sportz 1.2,2.7923500000000003
638,Honda Jazz 1.5 S i DTEC,6.8286
639,Toyota Innova 2.5 VX (Diesel) 8 Seater,10.078499999999998
640,Volvo XC60 D4 SUMMUM,16.5763
641,Maruti Ciaz ZDi Plus SHVS,8.813633333333325
642,Mitsubishi Pajero 2.8 SFX,6.0908000000000015
643,Maruti Alto LXi,2.324399999999997
644,BMW 3 Series 320d,11.229900000000004
645,Hyundai i20 1.4 CRDi Asta,4.333600000000005
646,Hyundai Creta 1.6 CRDi SX,12.669000000000015
647,Maruti Omni 5 Seater BSIV,2.9353000000000002
648,Hyundai Verna CRDi SX ABS,4.386499999999999
649,Maruti Baleno Sigma 1.2,6.232700000000001
650,Honda Amaze S i-Dtech,3.937
651,BMW X3 xDrive20d Advantage Edition,19.084175000000002
652,Skoda Superb Style 1.8 TSI AT,18.15129999999998
653,Honda Brio 1.2 VX MT,4.08303333333333
654,Hyundai i10 Magna,3.102999999999996
655,Audi A6 2011-2015 2.0 TDI Premium Plus,22.554100000000002
656,Renault Duster 85PS Diesel RxL,5.8684999999999965
657,Honda WRV i-DTEC VX,10.423199999999992
658,Honda Mobilio RS Option i DTEC,6.3306000000000004
659,Volkswagen Polo Petrol Highline 1.2L,3.5630999999999977
660,Mercedes-Benz E-Class E 220 d,44.22009999999998
661,Mercedes-Benz S Class 2005 2013 S 350 CDI,22.370899999999995
662,Hyundai Accent GLX,2.252
663,Maruti Swift Dzire VXi,3.8971
664,Hyundai i10 Magna,2.1342
665,Honda Brio 1.2 S MT,3.7332
666,Maruti Ritz VDi,5.052599999999999
667,Honda Brio 1.2 S MT,2.9577
668,Maruti Swift VXI BSIV,4.712200000000003
669,Renault Duster 110PS Diesel RxL,5.8499
670,Hyundai Santro Xing GLS,1.7123000000000004
671,Mahindra KUV 100 G80 K4 Plus 5Str,6.362433333333335
672,Ford Endeavour 3.0L 4X4 AT,11.0615
673,Tata Indica Vista Terra 1.2 Safire BS IV,1.8422000000000005
674,Land Rover Discovery Sport TD4 S,28.937100000000008
675,BMW 3 Series 320d Sport,32.45320000000001
676,Volkswagen Vento 1.5 TDI Highline Plus,6.998600000000006
677,Tata Indica Vista TDI LS,3.5926999999999976
678,Maruti Alto 800 LXI,2.9200999999999997
679,Ford Figo Diesel LXI,2.844200000000002
680,Honda Jazz 1.2 V i VTEC,5.142199999999997
681,Hyundai Grand i10 1.2 CRDi Magna,6.172099999999995
682,Skoda Rapid 1.5 TDI Ambition,5.9107
683,Maruti Ignis 1.2 Alpha,5.790799999999998
684,Toyota Fortuner 4x2 AT,20.64568571428572
685,Hyundai Verna 1.6 CRDI,5.97
686,Hyundai EON Era Plus,3.7587999999999977
687,Ford Ecosport 1.5 Ti VCT AT Titanium,6.3668000000000005
688,Hyundai Grand i10 Asta Option,6.834500000000004
689,Hyundai Creta 1.6 SX Automatic Diesel,9.145099999999998
690,Toyota Corolla Altis G,5.883600000000001
691,Maruti Vitara Brezza ZDi,7.243500000000001
692,Volkswagen CrossPolo 1.2 TDI,3.4728
693,Ford Ikon 1.4 ZXi,1.0999999999999996
694,Honda Mobilio V i VTEC,6.324799999999998
695,Honda Mobilio S i DTEC,6.516300000000001
696,Porsche Cayenne Diesel,39.294999999999995
697,Honda Amaze E i-Vtech,4.687499999999997
698,Audi A3 35 TDI Premium Plus,15.560900000000013
699,Mahindra XUV500 W6 2WD,8.099199999999998
700,Hyundai Verna Transform SX VGT CRDi BS III,7.277499999999999
701,Ford Ecosport 1.5 DV5 MT Trend,6.366900000000005
702,Maruti Alto LXi,1.6702999999999977
703,Renault Pulse RxZ,3.4384999999999994
704,Hyundai EON 1.0 Kappa Magna Plus,3.357400000000002
705,Honda Amaze SX i-VTEC,4.9576499999999974
706,Volkswagen Vento 1.5 TDI Highline Plus AT,8.892999999999999
707,Toyota Fortuner 3.0 Diesel,12.125500000000004
708,Maruti SX4 S Cross DDiS 200 Zeta,8.592100000000002
709,Maruti 800 DX,0.632266666666666
710,Maruti Celerio VXI AT,3.7505999999999995
711,Honda Brio E MT,4.245100000000003
712,Maruti Swift Dzire Vdi BSIV,4.408900000000001
713,Toyota Innova Crysta 2.8 GX AT 8S,19.8515
714,Maruti Ertiga VXI Petrol,7.220600000000003
715,Maruti A-Star Vxi,1.9335000000000004
716,Fiat Avventura Urban Cross 1.3 Multijet Emotion,9.146899999999999
717,Maruti Swift VDI,6.108400000000002
718,Nissan Sunny Diesel XV,4.655800000000002
719,Hyundai EON Magna Plus,3.2992999999999957
720,Honda Amaze S i-Vtech,4.3546999999999985
721,Ford Fiesta 1.4 Duratec EXI Limited Edition,1.7460000000000004
722,Honda City i VTEC CVT VX,7.985060000000001
723,Honda Brio S MT,2.8212
724,Maruti Wagon R VXI BS IV,2.5754999999999977
725,Hyundai Elantra CRDi SX AT,9.221599999999993
726,Honda Accord 2.4 Elegance A/T,6.036800000000002
727,Maruti Wagon R VXI AMT,2.6196
728,Chevrolet Cruze LTZ,7.462700000000008
729,Hyundai i20 1.2 Era,4.250699999999996
730,Tata Nano Cx BSIV,1.5424000000000004
731,Ford Ecosport 1.5 Ti VCT MT Trend,6.967400000000001
732,Tata Indica Vista TDI LS,2.7502000000000004
733,Skoda Octavia Classic 1.9 TDI MT,2.032000000000001
734,Mitsubishi Pajero Sport 4X2 AT,21.9359
735,Mini Cooper 3 DOOR D,24.1497
736,Hyundai Xcent 1.2 Kappa S Option,5.1037
737,Hyundai i20 Magna 1.2,4.553900000000004
738,Hyundai i20 Sportz 1.2,3.4893000000000005
739,Hyundai i10 Magna,2.1456999999999997
740,Toyota Innova 2.5 G4 Diesel 8-seater,5.095899999999998
741,Maruti SX4 Vxi BSIV,2.911199999999998
742,Honda City 1.5 E MT,5.137499999999992
743,Maruti Ritz LXi,3.808099999999998
744,Maruti Alto K10 LXI CNG Optional,3.7100999999999997
745,Hyundai i20 2015-2017 Sportz AT 1.4,5.5314
746,Toyota Innova Crysta 2.4 G MT 8S,17.526500000000002
747,Maruti Swift VDI Optional,5.584900000000007
748,Toyota Innova 2.5 GX (Diesel) 8 Seater,10.474700000000002
749,Mahindra Quanto C2,4.265299999999997
750,Mahindra XUV500 W8 4WD,8.802999999999988
751,Audi A6 2011-2015 2.0 TDI Premium Plus,20.63279999999998
752,Toyota Fortuner 3.0 Diesel,12.1689
753,Toyota Innova 2.5 G4 Diesel 7-seater,8.050400000000002
754,Jaguar XF 2.2 Litre Luxury,31.194000000000003
755,Hyundai Verna 1.6 EX VTVT,5.723500000000007
756,Hyundai i20 1.4 CRDi Magna,3.607600000000001
757,Skoda Octavia 2.0 TDI MT Style,14.333699999999999
758,Hyundai i10 Sportz 1.2,3.0865999999999953
759,Maruti Alto LXi,1.5115999999999996
760,Renault KWID RXL,3.749700000000002
761,Hyundai Grand i10 Sportz,4.965899999999998
762,Hyundai Grand i10 AT Asta,5.3965
763,Maruti Wagon R LXI,4.5026
764,Hyundai i20 Magna 1.4 CRDi,5.997600000000006
765,Volvo S80 D5,12.011099999999999
766,Renault Duster 85PS Diesel RxZ,6.968700000000004
767,Honda City i VTEC CVT VX,8.155899999999997
768,Maruti Swift VXI BSIII,2.6482000000000006
769,Hyundai Creta 1.6 SX Plus Diesel,12.309099999999994
770,Maruti Swift Dzire VDI,4.400300000000002
771,Honda Jazz 1.2 V CVT i VTEC,8.932399999999996
772,Tata Tiago 1.2 Revotron XT Option,5.857800000000002
773,Honda Brio S MT,3.0751999999999966
774,Maruti Swift VDI BSIV,5.3271000000000095
775,Hyundai i20 1.2 Sportz Option,3.2115000000000005
776,Renault KWID RXL,3.2042500000000023
777,Audi A6 35 TDI Matrix,13.221899999999996
778,Hyundai Grand i10 Asta Option,4.181599999999998
779,Maruti Alto LXI,2.592
780,Jaguar XF 2.0 Petrol Portfolio,65.22019999999999
781,Tata Manza Aqua Safire,1.6747999999999983
782,Tata Nano XTA,3.179600000000001
783,BMW X1 sDrive20d,13.748800000000003
784,Maruti Wagon R AMT VXI,4.383800000000004
785,Toyota Fortuner 4x4 MT,14.627300000000005
786,Volkswagen Polo Diesel Trendline 1.2L,3.6961000000000026
787,Honda Civic 2010-2013 1.8 V AT,3.439900000000001
788,BMW 7 Series 2007-2012 730Ld,25.878499999999995
789,Mahindra XUV500 AT W10 FWD,16.210899999999995
790,Hyundai Elantra SX AT,17.323500000000003
791,Toyota Corolla Altis G,4.8592
792,Maruti Alto 800 2016-2019 LXI,2.718
793,Honda City i-DTEC SV,5.591400000000005
794,Maruti Alto LXi,2.0026999999999986
795,Honda Brio S MT,3.3718000000000012
796,Volkswagen Polo Petrol Comfortline 1.2L,3.5238
797,Maruti Ritz ZXi,3.571600000000001
798,Nissan 370Z AT,43.3554
799,Audi A6 2011-2015 2.0 TDI,18.113799999999987
800,Hyundai i20 Asta 1.2,4.9201
801,Hyundai Verna 1.6 CRDI,5.108500000000004
802,BMW 6 Series Gran Coupe,49.07469999999999
803,Maruti Alto K10 VXI,3.7371000000000016
804,Hyundai i20 1.4 Sportz,7.034000000000007
805,Toyota Etios G,2.6980999999999993
806,Hyundai Sonata Embera 2.0L CRDi MT,3.9783999999999997
807,Skoda Rapid 1.5 TDI AT Ambition,9.5085
808,Audi A6 2011-2015 35 TDI Technology,28.331599999999995
809,Volkswagen Polo 1.2 MPI Highline,4.912499999999996
810,Ford Classic 1.4 Duratorq CLXI,3.772399999999997
811,Renault Koleos 4X2 MT,8.709300000000006
812,Ford Ecosport 1.5 DV5 MT Ambiente,6.269000000000001
813,Land Rover Freelander 2 TD4 SE,12.326099999999999
814,Honda Amaze E i-DTEC,5.230599999999998
815,Volvo V40 Cross Country D3,16.745800000000003
816,Hyundai i10 Magna,3.300599999999999
817,Ford Figo 1.2P Titanium MT,5.155899999999998
818,Maruti Ciaz VDi Option SHVS,7.872000000000002
819,Toyota Fortuner 4x2 AT TRD Sportivo,23.485899999999997
820,Tata Indica Vista Terra Quadrajet 1.3L BS IV,2.8275
821,Hyundai EON Magna,2.425000000000001
822,Mahindra KUV 100 mFALCON G80 K6 Plus,6.316374999999999
823,Hyundai i20 1.2 Spotz,6.409799999999994
824,Hyundai Santro Xing GLS,3.1409999999999987
825,Mercedes-Benz GLA Class 220 d 4MATIC,47.94839999999996
826,Maruti Wagon R Stingray LXI,3.8849999999999985
827,Mahindra Bolero Power Plus ZLX,6.812100000000003
828,Tata Indica Vista Aura 1.3 Quadrajet,2.276066666666665
829,Hyundai Elite i20 Petrol Sportz,6.755441666666671
830,Tata Indica Vista TDI LS,4.106600000000001
831,Toyota Qualis FS B3,3.4425
832,Maruti Swift Dzire LXI,6.301699999999999
833,Volkswagen Vento 1.5 TDI Highline,5.791600000000002
834,Fiat Linea Classic 1.3 Multijet,4.0018
835,Honda Brio S MT,3.062699999999998
836,Hyundai i20 1.2 Asta,3.492199999999999
837,Ford Endeavour 2.2 Titanium AT 4X2,32.91350000000004
838,Hyundai i20 1.2 Asta,7.2524
839,Maruti Wagon R VXI 1.2,6.914699999999999
840,Mahindra Scorpio VLS 2.2 mHawk,4.168100000000003
841,Maruti Wagon R LXI,3.175500000000003
842,Maruti Ciaz VDi,6.257600000000001
843,Audi A4 35 TDI Premium Plus,27.976399999999998
844,Maruti Ciaz 1.4 Zeta,8.736600000000001
845,Ford Freestyle Titanium Plus Diesel,10.05009999999999
846,Mahindra XUV500 W8 4WD,7.912499999999995
847,Chevrolet Cruze LTZ,5.056799999999996
848,Hyundai EON D Lite Plus Option,3.690200000000002
849,Maruti Ritz VDi,3.919099999999999
850,Maruti Wagon R VXI,2.0772999999999997
851,Ford EcoSport 1.5 Ti VCT MT Titanium,9.8526
852,Renault Duster 110PS Diesel RxZ AMT,10.12320000000001
853,Maruti Swift VVT ZXI,4.0842
854,Mahindra Xylo D4,5.723099999999999
855,Honda CR-V 2.4 AT,6.300700000000001
856,Fiat Punto EVO 1.3 Emotion,6.743200000000004
857,Hyundai Creta 1.6 CRDi AT SX Plus,13.37449999999999
858,Fiat Abarth 595 Competizione,22.3797
859,Ford Ecosport 1.0 Ecoboost Platinum Edition,11.5032
860,Jaguar XF 3.0 Litre S Premium Luxury,22.866
861,Hyundai Grand i10 Sportz,4.886700000000001
862,Mercedes-Benz M-Class ML 320 CDI,10.3038
863,Toyota Innova 2.5 V Diesel 7-seater,7.703100000000001
864,Honda Accord 2.4 AT,12.024999999999999
865,Maruti Wagon R LXI,1.5158000000000005
866,Hyundai i20 1.4 CRDi Magna,4.2643999999999975
867,Maruti Swift VXI,4.844999999999995
868,Honda City 1.5 E MT,4.048200000000001
869,Volkswagen Polo 1.2 MPI Comfortline,5.8996583333333295
870,Hyundai Accent Executive LPG,2.0093
871,ISUZU D-MAX V-Cross 4X4,14.905600000000003
872,Honda BR-V i-VTEC VX MT,9.498900000000003
873,Maruti Swift Dzire Tour LDI,3.8486999999999996
874,Honda Mobilio V i DTEC,5.446699999999997
875,Maruti Ertiga VXI,6.3591
876,Mitsubishi Pajero Sport 4X2 AT,21.11663333333333
877,Mercedes-Benz B Class 2012-2015 B200 Sport CDI,14.827266666666667
878,Maruti Eeco 5 STR With AC Plus HTR CNG,4.6564000000000005
879,Volkswagen Vento 1.6 Trendline,3.416500000000001
880,Maruti Versa DX2,1.9906000000000015
881,Honda City i DTEC SV,5.047199999999994
882,Maruti Swift Dzire 1.2 Lxi BSIV,2.6103000000000014
883,Volkswagen Vento Diesel Trendline,4.916999999999998
884,Skoda Laura 1.9 TDI AT Ambiente,6.761200000000001
885,Honda Brio V MT,3.651399999999997
886,Maruti A-Star Vxi,2.0936000000000017
887,Maruti SX4 VDI,2.6770000000000014
888,Hyundai Elantra 1.6 SX,6.7650000000000015
889,Maruti Alto K10 LXI,3.8261999999999996
890,Maruti Alto LX,1.0314999999999994
891,Datsun redi-GO T Option,3.6096000000000017
892,Ford Ecosport 1.5 DV5 MT Titanium Optional,6.4007
893,Honda City i DTec SV,9.361199999999995
894,Mercedes-Benz New C-Class C 250 CDI Elegance,13.6253
895,Hyundai Sonata Embera 2.4L MT,6.682600000000007
896,Chevrolet Spark 1.0 LS,1.4125999999999999
897,Volkswagen Polo 1.2 MPI Highline,5.140600000000002
898,Hyundai i10 Sportz 1.2,2.8020000000000014
899,Maruti Alto K10 VXI,3.388299999999999
900,Honda CR-V 2.4 AT,8.890799999999997
901,Hyundai Verna 1.6 VTVT EX AT,5.607700000000001
902,Mercedes-Benz New C-Class C 250 CDI Elegance,15.726400000000005
903,Honda Amaze VX CVT i-VTEC,7.086399999999994
904,Mahindra Xylo E8,4.966499999999996
905,Hyundai Sonata Transform 2.4 GDi AT,11.226799999999999
906,Hyundai Creta 1.4 CRDi S Plus,6.290200000000001
907,Toyota Innova 2.5 G4 Diesel 7-seater,6.898600000000004
908,Maruti Alto 800 CNG LXI,2.367100000000001
909,Hyundai i20 Magna 1.2,6.1254999999999935
910,Mercedes-Benz SLC 43 AMG,61.11920000000002
911,Hyundai i20 1.4 Sportz,9.099099999999998
912,Toyota Fortuner 4x2 4 Speed AT,15.266800000000012
913,Mahindra Scorpio VLX 2WD Airbag BSIII,4.591800000000003
914,Mercedes-Benz GLE 350d,56.69029999999998
915,Volkswagen Polo 1.2 MPI Highline,4.715099999999998
916,BMW 5 Series 2003-2012 520d,13.284299999999998
917,Ford Ecosport 1.5 DV5 MT Ambiente,5.6292
918,Maruti SX4 Zxi BSIII,3.3051000000000004
919,Hyundai i20 1.4 Asta AT (O) with Sunroof,2.7565999999999997
920,Hyundai Xcent 1.1 CRDi S,4.29
921,Renault Lodgy 110PS RxL,7.018000000000001
922,Renault Duster 110PS Diesel RxZ,5.7810000000000015
923,Maruti Swift Dzire VXi,4.0423
924,Honda City i DTec VX,7.567699999999998
925,Audi A4 3.0 TDI Quattro Premium,20.468299999999985
926,Mercedes-Benz E-Class 250 D W 124,9.906600000000003
927,Toyota Innova 2.5 LE 2014 Diesel 8 Seater,10.0669
928,Volkswagen Jetta 2007-2011 2.0 TDI Trendline,3.9751999999999983
929,Mahindra Bolero ZLX,6.582700000000001
930,Maruti Swift Dzire VXI,5.516
931,Honda City 1.5 V MT,9.037500000000003
932,Hyundai Grand i10 1.2 CRDi Sportz,5.791699999999997
933,Tata Indigo CS eVX,2.291499999999999
934,Maruti Baleno Zeta 1.3,5.913899999999995
935,Maruti Alto 800 2016-2019 LXI,2.5983999999999994
936,Mercedes-Benz E-Class E240 V6 AT,8.384299999999998
937,Maruti Swift Dzire Vdi BSIV,4.408900000000001
938,Nissan Terrano XE 85 PS,5.2584
939,Mercedes-Benz New C-Class C 200 CGI,10.641999999999998
940,Maruti Celerio VXI,4.655799999999996
941,Hyundai Santro Xing GLS,3.016699999999999
942,Volkswagen Polo 1.2 MPI Highline,6.723399999999993
943,Mahindra Bolero ZLX,7.0430000000000055
944,BMW 5 Series 2013-2017 530d M Sport,62.19209999999996
945,Honda City 1.5 V MT Sunroof,4.495799999999998
946,Hyundai i20 Sportz 1.2,4.834199999999998
947,Toyota Innova 2.5 GX (Diesel) 8 Seater BS IV,12.881000000000007
948,BMW 5 Series 2007-2010 525d Sedan,10.163200000000003
949,Volkswagen Polo GT TSI,6.762800000000001
950,Mitsubishi Pajero Sport 4X2 AT,14.262383333333334
951,Maruti Ertiga VXI,5.5625
952,Audi A6 2011-2015 2.0 TDI Technology,23.27640000000001
953,Maruti Swift Dzire VDI,5.369299999999997
954,Toyota Fortuner 3.0 Diesel,9.225299999999999
955,Hyundai i10 Sportz 1.1L,3.824799999999999
956,Mahindra TUV 300 2015-2019 T8 AMT,8.583600000000004
957,Mercedes-Benz New C-Class C 220 CDI CLASSIC,11.074400000000004
958,Maruti Swift Dzire Ldi BSIV,4.351600000000001
959,Hyundai i20 Magna,5.279799999999999
960,Maruti Swift VDI BSIV,5.342499999999996
961,Toyota Innova Crysta 2.4 VX MT 8S,17.5316
962,Toyota Etios V,7.960399999999998
963,Toyota Corolla Altis Diesel D4DG,3.5757000000000017
964,Hyundai Grand i10 1.2 CRDi Magna,5.961600000000001
965,Maruti SX4 ZDI,6.256899999999998
966,Audi A6 2011-2015 35 TDI Premium,24.486600000000003
967,Honda Amaze S i-Vtech,3.9403666666666637
968,Hyundai i20 Magna 1.2,5.092400000000002
969,Mahindra XUV500 W6 2WD,7.4621
970,Mercedes-Benz E-Class 2015-2017 E250 CDI Avantgarde,35.30730000000001
971,Hyundai Verna 1.4 CRDi,6.219800000000001
972,Honda Amaze EX i-Vtech,3.722499999999999
973,Audi A4 2.0 TDI Premium Sport Limited Edition,23.30910158730158
974,Hyundai i10 Magna,3.3053999999999992
975,Tata Tigor 1.2 Revotron XT,5.711600000000001
976,Hyundai Xcent 1.1 CRDi S,4.280299999999997
977,Ford Figo Diesel ZXI,2.8402000000000016
978,Toyota Innova 2.5 GX (Diesel) 7 Seater,10.176099999999998
979,Hyundai i20 2015-2017 1.4 CRDi Sportz,3.871200000000004
980,Mercedes-Benz E-Class E250 CDI Launch Edition,24.358900000000002
981,Hyundai Creta 1.6 SX Plus Diesel,13.3699
982,Chevrolet Spark 1.0 LT,2.14
983,Hyundai i20 1.4 CRDi Sportz,3.679
984,Maruti Swift Dzire VDI,4.308200000000003
985,Hyundai i10 Magna 1.2,2.3035499999999987
986,Hyundai Santro Xing GLS,1.727100000000001
987,Ford Ecosport 1.5 DV5 MT Ambiente,7.8763999999999985
988,Ford Fiesta Classic 1.4 Duratorq CLXI,2.6808999999999994
989,Hyundai Creta 1.6 CRDi AT SX Plus,13.196399999999999
990,Hyundai Creta 1.6 VTVT Base,9.238400000000002
991,Honda City 1.5 V MT,5.8086999999999955
992,Maruti Ignis 1.2 AMT Delta,7.306
993,Honda City i-VTEC CVT ZX,12.123300000000008
994,Honda City 1.5 V MT,3.4227
995,Ford Fiesta Classic 1.6 Duratec LXI,4.7644999999999955
996,Hyundai i20 Sportz 1.2,7.0784
997,Toyota Corolla Executive (HE),2.2918999999999996
998,Nissan Micra Diesel XV,3.0304000000000006
999,Maruti Alto LXi BSIII,2.3448999999999955
1000,Maruti Ciaz VDi Plus,7.108299999999999
1001,Maruti Ciaz 1.3 Alpha,8.107108333333324
1002,Mahindra XUV500 W8 2WD,12.439299999999994
1003,Renault Duster 85PS Diesel RxL,5.134699999999998
1004,Hyundai i20 1.2 Sportz,3.3464000000000014
1005,Renault Pulse RxL,3.431
1006,Maruti Wagon R AMT VXI,4.3096
1007,BMW 6 Series 650i Coupe,23.57920000000001
1008,Honda City V MT,4.243999999999996
1009,Tata Indigo eCS LX BSIV,4.239500000000002
1010,Honda Brio S MT,3.049099999999998
1011,Honda Jazz 1.5 S i DTEC,7.630100000000006
1012,Mercedes-Benz A Class A180 CDI,14.4663
1013,Toyota Corolla Altis GL,3.6237
1014,Honda Civic 2006-2010 1.8 (E) MT,2.4327
1015,Hyundai Creta 1.6 CRDi SX Option,11.484300000000001
1016,Audi Q5 2008-2012 2.0 TFSI Quattro,8.402299999999997
1017,OpelCorsa 1.4Gsi,0.9379000000000007
1018,Toyota Fortuner 4x2 AT,17.830900000000003
1019,Hyundai Creta 1.6 VTVT S,11.662900000000002
1020,Volkswagen Ameo 1.5 TDI Highline,8.3056
1021,Hyundai i20 Magna,2.8563000000000023
1022,Audi A6 2011-2015 2.0 TDI Premium Plus,18.90920000000001
1023,Hyundai Grand i10 CRDi Sportz,4.1218999999999975
1024,Audi Q3 30 TDI S Edition,11.100600000000004
1025,BMW 5 Series 2013-2017 530d M Sport,38.74480000000001
1026,Maruti Swift Dzire AMT ZDI,7.693499999999998
1027,Hyundai Grand i10 1.2 Kappa Sportz AT,7.170199999999995
1028,Honda City i DTEC SV,9.361199999999995
1029,Hyundai Grand i10 1.2 Kappa Magna,5.141700000000002
1030,Honda Jazz 1.2 V CVT i VTEC,8.46219999999999
1031,Maruti Swift VDi BSIII W/ ABS,2.4943000000000004
1032,Maruti Wagon R VXI,3.614199999999999
1033,Maruti Ciaz RS ZDi Plus SHVS,7.674033333333329
1034,Volkswagen Vento 1.2 TSI Comfortline AT,7.576699999999999
1035,Maruti Swift VXI BSIV,4.351600000000003
1036,Skoda Laura Ambition 2.0 TDI CR AT,8.801799999999997
1037,Hyundai Xcent 1.1 CRDi S Celebration Edition,4.631499999999997
1038,Hyundai Creta 1.6 CRDi SX,12.857699999999987
1039,Mercedes-Benz New C-Class C 200 CGI Elegance,14.9878
1040,Maruti Swift VDI,5.159900000000001
1041,Toyota Etios G,3.168
1042,Maruti Swift Dzire VXI Optional,6.1422750000000015
1043,Audi Q5 3.0 TDI Quattro Technology,57.905999999999985
1044,Honda City V MT,5.585099999999996
1045,Mahindra KUV 100 mFALCON D75 K6 5str AW,4.5336
1046,Mahindra Xylo D4 BSIV,5.554099999999998
1047,Tata Tiago 1.2 Revotron XT,5.310000000000001
1048,Mahindra Scorpio VLX 2WD BSIII,6.161999999999993
1049,Toyota Innova Crysta 2.8 GX AT,20.521800000000002
1050,Maruti Wagon R VXI BSIII,2.646299999999997
1051,Maruti 800 AC,1.1829999999999994
1052,Honda Civic 2006-2010 1.8 MT Sport,2.7540999999999998
1053,Chevrolet Beat Diesel LS,2.699100000000002
1054,Mahindra Thar CRDe,9.789100000000001
1055,Tata Zest Revotron 1.2T XE,5.081100000000002
1056,Hyundai EON Era Plus,3.2395999999999963
1057,Mahindra Ssangyong Rexton RX7,18.412599999999983
1058,Hyundai Creta 1.6 CRDi SX Option,11.56402499999999
1059,Tata Zest Quadrajet 1.3 75PS XE,7.1065
1060,Chevrolet Enjoy Petrol LTZ 7 Seater,5.0979
1061,Skoda Superb Elegance 2.0 TDI CR AT,8.946399999999997
1062,Hyundai i20 2015-2017 Magna Optional 1.4 CRDi,4.233500000000001
1063,Audi Q3 2012-2015 2.0 TDI Quattro Premium Plus,21.1102
1064,Mahindra Scorpio S6 Plus 7 Seater,9.242899999999997
1065,BMW 3 Series 320d,10.904900000000007
1066,Mercedes-Benz CLA 45 AMG,59.35999999999999
1067,Honda City 1.5 S MT,2.846099999999997
1068,Maruti Vitara Brezza ZDi,8.057100000000005
1069,Toyota Camry 2.5 G,15.124900000000004
1070,Maruti Swift Vdi BSIII,1.9171000000000005
1071,Hyundai Elantra SX AT,16.704600000000003
1072,Renault Duster 85PS Diesel RxL Optional,5.5078000000000005
1073,Audi Q5 2008-2012 3.0 TDI Quattro,17.585100000000004
1074,Maruti Esteem Vxi - BSIII,1.5434999999999994
1075,Jeep Compass 2.0 Longitude,17.88620000000002
1076,Honda City 1.5 V AT,3.8430000000000013
1077,Tata Zest Quadrajet 1.3 75PS XE,5.274
1078,Maruti Baleno Zeta 1.2,6.8155999999999946
1079,Maruti Swift Dzire VDI,4.926199999999998
1080,Volkswagen Polo 1.2 MPI Highline,5.699166666666667
1081,Mini Clubman Cooper S,36.35189999999999
1082,Mitsubishi Pajero Sport 4X2 AT,20.241400000000006
1083,Honda City ZX EXi,2.4688999999999997
1084,Hyundai EON Era Plus,3.240799999999999
1085,Chevrolet Spark 1.0 PS,1.8257000000000005
1086,Maruti Alto LXi,1.1951666666666658
1087,Toyota Corolla Executive (HE),2.2905999999999986
1088,Hyundai i20 1.2 Sportz Option,3.3402999999999996
1089,Hyundai Verna 1.4 CRDi,6.540600000000004
1090,Chevrolet Enjoy 1.4 LTZ 8,6.424699999999998
1091,Fiat Grande Punto 1.4 Emotion,2.4518999999999993
1092,Mahindra XUV500 W8 4WD,9.414000000000005
1093,Maruti Vitara Brezza ZDi AMT,10.131200000000012
1094,Hyundai Creta 1.6 CRDi SX,8.231950000000001
1095,Hyundai Santro Xing GLS,1.8986000000000012
1096,Hyundai i20 1.4 Asta (AT),2.5964999999999994
1097,Hyundai Elantra CRDi,3.5768000000000004
1098,Mahindra XUV500 W10 2WD,10.494600000000002
1099,Audi A6 2.0 TDI Design Edition,16.3973
1100,Tata Tiago 1.2 Revotron XZ WO Alloy,4.981100000000005
1101,Mercedes-Benz A Class Edition 1,19.798900000000003
1102,Hyundai Verna 1.6 SX VTVT (O) AT,6.891500000000004
1103,Mercedes-Benz New C-Class C 220d Avantgarde Edition C,21.64633333333334
1104,BMW 7 Series 740i Sedan,45.35009999999998
1105,Land Rover Range Rover 2.2L Pure,36.6964
1106,Hyundai Creta 1.6 SX Plus Petrol Automatic,14.103599999999993
1107,Volkswagen Vento 1.2 TSI Highline AT,4.590099999999998
1108,Mini Cooper Countryman D,18.67026666666669
1109,Volvo S60 D4 KINETIC,17.691999999999986
1110,Renault Pulse RxL,3.6745
1111,Honda Amaze SX i-VTEC,4.806799999999999
1112,Toyota Camry 2.5 G,11.697699999999996
1113,Maruti Alto LXi,1.6293000000000004
1114,Skoda Superb Style 1.8 TSI AT,7.221799999999998
1115,Maruti Ertiga ZXI,5.845800000000001
1116,Audi A4 2.0 TDI,18.282100000000007
1117,Maruti Ertiga VDI,6.074200000000002
1118,Mercedes-Benz New C-Class C 220 CDI Style,34.9697
1119,Maruti Swift Dzire 1.2 Vxi BSIV,3.0599999999999996
1120,Mercedes-Benz GLA Class 200 CDI SPORT,20.7731
1121,Honda City i VTEC VX Option,8.482900000000004
1122,Maruti Alto LXi BSII,1.5346000000000002
1123,Toyota Fortuner 3.0 Diesel,10.621200000000002
1124,BMW 3 Series Luxury Line,33.675999999999995
1125,Hyundai Elite i20 Petrol Asta,6.877400000000005
1126,Honda Amaze VX i-DTEC,3.887799999999999
1127,Volkswagen Jetta 2007-2011 2.0 TDI Comfortline,7.110999999999998
1128,Mercedes-Benz S Class 2005 2013 320 L,8.738000000000003
1129,Hyundai EON Era,2.243100000000001
1130,Maruti Zen Estilo LXI BSIII,1.8137
1131,Hyundai Verna CRDi SX,3.2738999999999994
1132,Hyundai Verna VTVT 1.6 AT SX Option,11.727800000000002
1133,Hyundai i20 Asta Option 1.2,4.966900000000006
1134,Maruti Baleno Vxi - BSIII,1.126000000000001
1135,Honda Jazz 1.5 S i DTEC,7.08090000000001
1136,Volkswagen Vento Diesel Comfortline,4.835799999999995
1137,Hyundai i10 Magna 1.1L,2.3568000000000002
1138,Jeep Compass 2.0 Sport,17.803500000000014
1139,Renault Duster 110PS Diesel RxZ,5.878399999999998
1140,Maruti Swift Dzire VXi,4.0348
1141,Maruti Alto LXi,1.6765000000000014
1142,Tata Nano XTA,2.998900000000002
1143,Hyundai i10 Era 1.1,1.8504000000000014
1144,Maruti Alto XCITE,2.3153999999999963
1145,Ford Figo Diesel EXI,2.7702999999999993
1146,Land Rover Discovery 4 TDV6 Auto Diesel,28.823700000000002
1147,Honda City i DTec SV,6.831800000000003
1148,Maruti Ritz LDi,4.288299999999999
1149,Hyundai Grand i10 1.2 Kappa Sportz Option,6.136800000000006
1150,Hyundai Grand i10 AT Asta,4.347799999999999
1151,Hyundai i20 Sportz Option 1.2,4.909900000000005
1152,BMW 5 Series 2003-2012 520d,13.451800000000002
1153,Mercedes-Benz E-Class E250 CDI Avantgrade,23.991900000000008
1154,Toyota Innova 2.5 G (Diesel) 7 Seater BS IV,11.2344
1155,Maruti Swift Dzire ZDI,6.053299999999998
1156,Maruti Alto K10 VXI,3.2190000000000007
1157,BMW 5 Series 520d Luxury Line,25.86399999999998
1158,Maruti Vitara Brezza VDi Option,10.616899999999994
1159,Hyundai Verna Transform VTVT with Audio,2.3811999999999993
1160,Honda City i VTEC VX,6.460099999999995
1161,Tata Indica Vista Quadrajet LS,3.3678
1162,Hyundai i20 Active 1.4 SX,8.310399999999996
1163,Audi A6 2011-2015 2.0 TDI,26.060533333333332
1164,BMW X5 xDrive 30d Design Pure Experience 5 Seater,46.149699999999996
1165,Hyundai Creta 1.6 SX Plus Dual Tone Petrol,12.282400000000006
1166,Maruti Vitara Brezza ZDi Plus AMT,10.690399999999997
1167,Ford Fiesta 1.4 Duratec EXI,1.902000000000001
1168,Maruti Dzire AMT VDI,8.557899999999991
1169,Honda City i-VTEC VX,9.579700000000003
1170,Maruti Celerio VXI AT,3.968980952380954
1171,Chevrolet Captiva LT,6.6335000000000015
1172,Datsun GO T Petrol,3.5304000000000006
1173,Skoda Superb Petrol Ambition,6.034200000000001
1174,Hyundai Santro Xing GL,3.1614999999999975
1175,Mahindra Renault Logan 1.5 DLE Diesel,1.5967000000000005
1176,Tata Tiago 1.05 Revotorq XT Option,3.7212000000000014
1177,Volkswagen Vento Petrol Highline AT,3.510799999999998
1178,Hyundai i20 1.2 Spotz,4.814799999999996
1179,Ford EcoSport 1.5 Petrol Ambiente,8.796700000000001
1180,Jeep Compass 1.4 Sport,14.4484
1181,Audi A4 2.0 TDI,19.506800000000005
1182,Hyundai Verna 1.6 SX VTVT (O),4.888200000000002
1183,Maruti Vitara Brezza ZDi,9.73200000000001
1184,Hyundai Elite i20 Magna Plus,7.809999999999998
1185,Honda Amaze S i-Dtech,3.466999999999995
1186,Audi A4 2.0 TDI,12.956100000000001
1187,Honda Amaze VX AT i-Vtech,4.552799999999997
1188,Honda Jazz 1.5 V i DTEC,9.429399999999994
1189,BMW 5 Series 525d Sedan,23.233999999999988
1190,Hyundai Grand i10 Asta Option,5.4489999999999945
1191,Renault Duster 85PS Diesel RxL,6.053399999999993
1192,Chevrolet Aveo 1.4 LS,1.9070000000000003
1193,Honda Amaze S i-Vtech,4.893499999999992
1194,Hyundai Grand i10 AT Asta,5.503499999999995
1195,Hyundai EON D Lite Plus,2.7182999999999993
1196,Volkswagen Vento Diesel Trendline,3.850299999999998
1197,Volkswagen Polo GT TSI,6.532799999999996
1198,Nissan Micra Diesel XV,2.853699999999999
1199,Volkswagen Polo GT TSI,4.527499999999998
1200,Mercedes-Benz E-Class 2009-2013 E 220 CDI Avantgarde,18.24365
